<?xml version="1.0" encoding="utf-8"?>
<?xml-stylesheet href="http://www.osgi.org/www/obr2html.xsl" type="text/xsl"?>
<repository increment="1470375751469" name="Liferay CE IP Geocoder" xmlns="http://www.osgi.org/xmlns/repository/v1.0.0">
  <resource>
    <capability namespace="osgi.identity">
      <attribute name="osgi.identity" value="com.liferay.ip.geocoder"/>
      <attribute name="type" value="osgi.bundle"/>
      <attribute name="version" type="Version" value="2.0.5"/>
    </capability>
    <capability namespace="osgi.content">
      <attribute name="osgi.content" value="61e7a5a11645455af63bd6f9b9f362bb1a2ae0daea125faf824503f0af691a10"/>
      <attribute name="url" value="com.liferay.ip.geocoder-2.0.5.jar"/>
      <attribute name="size" type="Long" value="18622"/>
      <attribute name="mime" value="application/vnd.osgi.bundle"/>
    </capability>
    <capability namespace="osgi.wiring.bundle">
      <attribute name="osgi.wiring.bundle" value="com.liferay.ip.geocoder"/>
      <attribute name="bundle-version" type="Version" value="2.0.5"/>
    </capability>
    <capability namespace="osgi.wiring.host">
      <attribute name="osgi.wiring.host" value="com.liferay.ip.geocoder"/>
      <attribute name="bundle-version" type="Version" value="2.0.5"/>
    </capability>
    <capability namespace="osgi.wiring.package">
      <attribute name="osgi.wiring.package" value="com.liferay.ip.geocoder"/>
      <attribute name="version" type="Version" value="1.0.6"/>
      <attribute name="bundle-symbolic-name" value="com.liferay.ip.geocoder"/>
      <attribute name="bundle-version" type="Version" value="2.0.5"/>
      <directive name="uses" value="com.maxmind.geoip"/>
    </capability>
    <capability namespace="osgi.service">
      <attribute name="objectClass" type="List&lt;String&gt;" value="com.liferay.ip.geocoder.IPGeocoder"/>
    </capability>
    <capability namespace="liferay.resource.bundle">
      <attribute name="bundle.symbolic.name" value="com.liferay.ip.geocoder"/>
      <attribute name="resource.bundle.base.name" value="content.Language"/>
    </capability>
    <capability namespace="osgi.service">
      <attribute name="objectClass" type="List&lt;String&gt;" value="com.liferay.ip.geocoder.IPGeocoder"/>
      <directive name="uses" value="com.liferay.ip.geocoder"/>
    </capability>
    <requirement namespace="osgi.wiring.package">
      <directive name="filter" value="(&amp;(osgi.wiring.package=aQute.bnd.annotation.metatype)(version&gt;=1.45.0)(!(version&gt;=2.0.0)))"/>
    </requirement>
    <requirement namespace="osgi.wiring.package">
      <directive name="filter" value="(&amp;(osgi.wiring.package=com.liferay.ip.geocoder)(version&gt;=1.0.0)(!(version&gt;=2.0.0)))"/>
    </requirement>
    <requirement namespace="osgi.wiring.package">
      <directive name="filter" value="(&amp;(osgi.wiring.package=com.liferay.portal.configuration.metatype.annotations)(version&gt;=1.0.0)(!(version&gt;=2.0.0)))"/>
    </requirement>
    <requirement namespace="osgi.wiring.package">
      <directive name="filter" value="(&amp;(osgi.wiring.package=com.liferay.portal.configuration.metatype.bnd.util)(version&gt;=2.0.0)(!(version&gt;=3.0.0)))"/>
    </requirement>
    <requirement namespace="osgi.wiring.package">
      <directive name="filter" value="(&amp;(osgi.wiring.package=com.maxmind.geoip)(version&gt;=1.2.0)(!(version&gt;=2.0.0)))"/>
    </requirement>
    <requirement namespace="osgi.wiring.package">
      <directive name="filter" value="(&amp;(osgi.wiring.package=org.apache.log4j)(version&gt;=1.2.0)(!(version&gt;=2.0.0)))"/>
    </requirement>
    <requirement namespace="osgi.wiring.package">
      <directive name="filter" value="(osgi.wiring.package=org.tukaani.xz)"/>
    </requirement>
    <requirement namespace="osgi.ee">
      <directive name="filter" value="(&amp;(osgi.ee=JavaSE)(version=1.6))"/>
    </requirement>
    <requirement namespace="osgi.extender">
      <directive name="filter" value="(&amp;(osgi.extender=osgi.component)(version&gt;=1.2.0)(!(version&gt;=2.0.0)))"/>
      <directive name="effective" value="active"/>
    </requirement>
  </resource>
  <resource>
    <capability namespace="osgi.identity">
      <attribute name="osgi.identity" value="com.liferay.ip.geocoder.sample.web"/>
      <attribute name="type" value="osgi.bundle"/>
      <attribute name="version" type="Version" value="2.0.2"/>
    </capability>
    <capability namespace="osgi.content">
      <attribute name="osgi.content" value="084efe2b53cbf84d93485c877ce5de09da92634974293abebca13aef6750a665"/>
      <attribute name="url" value="com.liferay.ip.geocoder.sample.web-2.0.2.jar"/>
      <attribute name="size" type="Long" value="16891"/>
      <attribute name="mime" value="application/vnd.osgi.bundle"/>
    </capability>
    <capability namespace="osgi.wiring.bundle">
      <attribute name="osgi.wiring.bundle" value="com.liferay.ip.geocoder.sample.web"/>
      <attribute name="bundle-version" type="Version" value="2.0.2"/>
    </capability>
    <capability namespace="osgi.wiring.host">
      <attribute name="osgi.wiring.host" value="com.liferay.ip.geocoder.sample.web"/>
      <attribute name="bundle-version" type="Version" value="2.0.2"/>
    </capability>
    <capability namespace="osgi.service">
      <attribute name="objectClass" type="List&lt;String&gt;" value="javax.portlet.Portlet"/>
    </capability>
    <capability namespace="liferay.resource.bundle">
      <attribute name="bundle.symbolic.name" value="com.liferay.ip.geocoder.sample.web"/>
      <attribute name="resource.bundle.base.name" value="content.Language"/>
    </capability>
    <capability namespace="osgi.service">
      <attribute name="objectClass" type="List&lt;String&gt;" value="javax.portlet.Portlet"/>
      <attribute name="com.liferay.portlet.css-class-wrapper" value="portlet-ip-geocoder-sample"/>
      <attribute name="javax.portlet.supports.mime-type" value="text/html"/>
      <attribute name="javax.portlet.init-param.view-template" value="/view.jsp"/>
      <attribute name="javax.portlet.portlet-info.title" value="IP Geocoder Sample"/>
      <attribute name="com.liferay.portlet.display-category" value="category.tools"/>
      <attribute name="javax.portlet.security-role-ref" value="administrator,guest,power-user,user"/>
      <attribute name="javax.portlet.display-name" value="IP Geocoder Sample"/>
      <attribute name="javax.portlet.expiration-cache" value="0"/>
      <attribute name="javax.portlet.resource-bundle" value="content.Language"/>
      <attribute name="javax.portlet.portlet-info.keywords" value="IP Geocoder Sample"/>
      <attribute name="javax.portlet.init-param.template-path" value="/"/>
      <attribute name="javax.portlet.name" value="com_liferay_ip_geocoder_sample_web_portlet_IPGeocoderSamplePortlet"/>
      <attribute name="javax.portlet.portlet-info.short-title" value="IP Geocoder Sample"/>
      <directive name="uses" value="javax.portlet"/>
    </capability>
    <requirement namespace="osgi.wiring.package">
      <directive name="filter" value="(&amp;(osgi.wiring.package=com.liferay.ip.geocoder)(version&gt;=1.0.0)(!(version&gt;=2.0.0)))"/>
    </requirement>
    <requirement namespace="osgi.wiring.package">
      <directive name="filter" value="(&amp;(osgi.wiring.package=com.liferay.portal.kernel.portlet.bridges.mvc)(version&gt;=1.0.0)(!(version&gt;=2.0.0)))"/>
    </requirement>
    <requirement namespace="osgi.wiring.package">
      <directive name="filter" value="(&amp;(osgi.wiring.package=com.liferay.portal.kernel.util)(version&gt;=7.0.0)(!(version&gt;=8.0.0)))"/>
    </requirement>
    <requirement namespace="osgi.wiring.package">
      <directive name="filter" value="(osgi.wiring.package=com.maxmind.geoip)"/>
    </requirement>
    <requirement namespace="osgi.wiring.package">
      <directive name="filter" value="(&amp;(osgi.wiring.package=javax.portlet)(version&gt;=2.0.0)(!(version&gt;=3.0.0)))"/>
    </requirement>
    <requirement namespace="osgi.wiring.package">
      <directive name="filter" value="(&amp;(osgi.wiring.package=javax.servlet)(version&gt;=3.0.0)(!(version&gt;=4.0.0)))"/>
    </requirement>
    <requirement namespace="osgi.wiring.package">
      <directive name="filter" value="(&amp;(osgi.wiring.package=javax.servlet.http)(version&gt;=3.0.0)(!(version&gt;=4.0.0)))"/>
    </requirement>
    <requirement namespace="osgi.wiring.package">
      <directive name="filter" value="(&amp;(osgi.wiring.package=org.osgi.framework)(version&gt;=1.7.0)(!(version&gt;=2.0.0)))"/>
    </requirement>
    <requirement namespace="osgi.extender">
      <directive name="filter" value="(&amp;(osgi.extender=jsp.taglib)(uri=http://liferay.com/tld/ui))"/>
    </requirement>
    <requirement namespace="osgi.ee">
      <directive name="filter" value="(&amp;(osgi.ee=JavaSE)(version=1.7))"/>
    </requirement>
    <requirement namespace="osgi.extender">
      <directive name="filter" value="(&amp;(osgi.extender=osgi.component)(version&gt;=1.0.0)(!(version&gt;=2.0.0)))"/>
      <directive name="effective" value="active"/>
    </requirement>
  </resource>
  <resource>
    <capability namespace="osgi.identity">
      <attribute name="osgi.identity" value="com.maxmind.geoip.api"/>
      <attribute name="type" value="osgi.bundle"/>
      <attribute name="version" type="Version" value="1.2.14"/>
    </capability>
    <capability namespace="osgi.content">
      <attribute name="osgi.content" value="2c671ba681c1fd3bc89ab439f14b1a1e8d4e665d327ea9e07b334d4922907b54"/>
      <attribute name="url" value="com.maxmind.geoip.api-1.2.14.jar"/>
      <attribute name="size" type="Long" value="111346"/>
      <attribute name="mime" value="application/vnd.osgi.bundle"/>
    </capability>
    <capability namespace="osgi.wiring.bundle">
      <attribute name="osgi.wiring.bundle" value="com.maxmind.geoip.api"/>
      <attribute name="bundle-version" type="Version" value="1.2.14"/>
    </capability>
    <capability namespace="osgi.wiring.host">
      <attribute name="osgi.wiring.host" value="com.maxmind.geoip.api"/>
      <attribute name="bundle-version" type="Version" value="1.2.14"/>
    </capability>
    <capability namespace="osgi.wiring.package">
      <attribute name="osgi.wiring.package" value="com.maxmind.geoip"/>
      <attribute name="version" type="Version" value="1.2.14"/>
      <attribute name="bundle-symbolic-name" value="com.maxmind.geoip.api"/>
      <attribute name="bundle-version" type="Version" value="1.2.14"/>
    </capability>
    <requirement namespace="osgi.ee">
      <directive name="filter" value="(&amp;(osgi.ee=JavaSE)(version=1.6))"/>
    </requirement>
  </resource>
  <resource>
    <capability namespace="osgi.identity">
      <attribute name="osgi.identity" value="org.tukaani.xz"/>
      <attribute name="type" value="osgi.bundle"/>
      <attribute name="version" type="Version" value="1.5.0"/>
    </capability>
    <capability namespace="osgi.content">
      <attribute name="osgi.content" value="86f30fa8775fa3a62cdb39d1ed78a6019164c1058864048d42cbee244e26e840"/>
      <attribute name="url" value="org.tukaani.xz-1.5.jar"/>
      <attribute name="size" type="Long" value="99555"/>
      <attribute name="mime" value="application/vnd.osgi.bundle"/>
    </capability>
    <capability namespace="osgi.wiring.bundle">
      <attribute name="osgi.wiring.bundle" value="org.tukaani.xz"/>
      <attribute name="bundle-version" type="Version" value="1.5.0"/>
    </capability>
    <capability namespace="osgi.wiring.host">
      <attribute name="osgi.wiring.host" value="org.tukaani.xz"/>
      <attribute name="bundle-version" type="Version" value="1.5.0"/>
    </capability>
    <capability namespace="osgi.wiring.package">
      <attribute name="osgi.wiring.package" value="org.tukaani.xz"/>
      <attribute name="version" type="Version" value="0.0.0"/>
      <attribute name="bundle-symbolic-name" value="org.tukaani.xz"/>
      <attribute name="bundle-version" type="Version" value="1.5.0"/>
    </capability>
  </resource>
</repository>